Region,Target_Population,Vaccinated_Individuals,Overall_Coverage_Pct
East Region,505702,373902,73.93721994376135
West Region,582397,448409,76.99370017359293
Central Region,408461,315047,77.13025233743245
North Region,673257,520030,77.24093473963137
South Region,433266,357430,82.49666486638692
